{"cameraMode":{"drawMode":0,"name":"Shaded","section":"Shading Mode"},"sceneLighting":true,"audioPlay":false,"sceneViewState":{"showFog":true,"showMaterialUpdate":false,"showSkybox":true,"showFlares":true,"showImageEffects":true,"showParticleSystems":true,"showVisualEffectGraphs":true,"m_FxEnabled":true},"in2DMode":false,"pivot":{"x":1.0206371545791627,"y":-0.8679888248443604,"z":-4.765687942504883},"rotation":{"x":-0.09624593704938889,"y":0.2401057332754135,"z":-0.023839542642235757,"w":-0.9657495021820068},"size":0.9907209277153015,"orthographic":false}