{"cameraMode":{"drawMode":0,"name":"Shaded","section":"Shading Mode"},"sceneLighting":true,"audioPlay":false,"sceneViewState":{"showFog":true,"showMaterialUpdate":false,"showSkybox":true,"showFlares":true,"showImageEffects":true,"showParticleSystems":true,"showVisualEffectGraphs":true,"m_FxEnabled":true},"in2DMode":false,"pivot":{"x":0.07782113552093506,"y":-1.2918567657470704,"z":-4.071893215179443},"rotation":{"x":0.08843681216239929,"y":-0.5552753806114197,"z":0.05953705683350563,"w":0.8248389363288879},"size":0.4891315698623657,"orthographic":false}