{"cameraMode":{"drawMode":0,"name":"Shaded","section":"Shading Mode"},"sceneLighting":true,"audioPlay":false,"sceneViewState":{"showFog":true,"showMaterialUpdate":false,"showSkybox":true,"showFlares":true,"showImageEffects":true,"showParticleSystems":true,"showVisualEffectGraphs":true,"m_FxEnabled":true},"in2DMode":false,"pivot":{"x":3.2099990844726564,"y":2.3800010681152345,"z":-22.209999084472658},"rotation":{"x":-0.0003816896351054311,"y":0.9990827441215515,"z":0.008682005107402802,"w":0.042286861687898639},"size":24.568754196166993,"orthographic":false}