{"cameraMode":{"drawMode":0,"name":"Shaded","section":"Shading Mode"},"sceneLighting":true,"audioPlay":false,"sceneViewState":{"showFog":true,"showMaterialUpdate":false,"showSkybox":true,"showFlares":true,"showImageEffects":true,"showParticleSystems":true,"showVisualEffectGraphs":true,"m_FxEnabled":true},"in2DMode":false,"pivot":{"x":0.04236960411071777,"y":-0.19592726230621339,"z":-3.5273852348327638},"rotation":{"x":0.21000763773918153,"y":-0.045454010367393497,"z":0.009757475927472115,"w":0.9766157269477844},"size":3.189131498336792,"orthographic":false}